{"frames":{"lu kang refe pixel0.png":{"frame":{"x":0,"y":0,"w":384,"h":600},"rotated":false,"trimmed":false,"spriteSourceSize":{"x":0,"y":0,"w":384,"h":600},"sourceSize":{"w":384,"h":600}},"lu kang refe pixel1.png":{"frame":{"x":384,"y":0,"w":384,"h":600},"rotated":false,"trimmed":false,"spriteSourceSize":{"x":0,"y":0,"w":384,"h":600},"sourceSize":{"w":384,"h":600}},"lu kang refe pixel2.png":{"frame":{"x":768,"y":0,"w":384,"h":600},"rotated":false,"trimmed":false,"spriteSourceSize":{"x":0,"y":0,"w":384,"h":600},"sourceSize":{"w":384,"h":600}},"lu kang refe pixel3.png":{"frame":{"x":1152,"y":0,"w":384,"h":600},"rotated":false,"trimmed":false,"spriteSourceSize":{"x":0,"y":0,"w":384,"h":600},"sourceSize":{"w":384,"h":600}},"lu kang refe pixel4.png":{"frame":{"x":1536,"y":0,"w":384,"h":600},"rotated":false,"trimmed":false,"spriteSourceSize":{"x":0,"y":0,"w":384,"h":600},"sourceSize":{"w":384,"h":600}},"lu kang refe pixel5.png":{"frame":{"x":0,"y":600,"w":384,"h":600},"rotated":false,"trimmed":false,"spriteSourceSize":{"x":0,"y":0,"w":384,"h":600},"sourceSize":{"w":384,"h":600}},"lu kang refe pixel6.png":{"frame":{"x":384,"y":600,"w":384,"h":600},"rotated":false,"trimmed":false,"spriteSourceSize":{"x":0,"y":0,"w":384,"h":600},"sourceSize":{"w":384,"h":600}},"lu kang refe pixel7.png":{"frame":{"x":768,"y":600,"w":384,"h":600},"rotated":false,"trimmed":false,"spriteSourceSize":{"x":0,"y":0,"w":384,"h":600},"sourceSize":{"w":384,"h":600}},"lu kang refe pixel8.png":{"frame":{"x":1152,"y":600,"w":384,"h":600},"rotated":false,"trimmed":false,"spriteSourceSize":{"x":0,"y":0,"w":384,"h":600},"sourceSize":{"w":384,"h":600}},"lu kang refe pixel9.png":{"frame":{"x":1536,"y":600,"w":384,"h":600},"rotated":false,"trimmed":false,"spriteSourceSize":{"x":0,"y":0,"w":384,"h":600},"sourceSize":{"w":384,"h":600}},"lu kang refe pixel10.png":{"frame":{"x":0,"y":1200,"w":384,"h":600},"rotated":false,"trimmed":false,"spriteSourceSize":{"x":0,"y":0,"w":384,"h":600},"sourceSize":{"w":384,"h":600}},"lu kang refe pixel11.png":{"frame":{"x":384,"y":1200,"w":384,"h":600},"rotated":false,"trimmed":false,"spriteSourceSize":{"x":0,"y":0,"w":384,"h":600},"sourceSize":{"w":384,"h":600}},"lu kang refe pixel12.png":{"frame":{"x":768,"y":1200,"w":384,"h":600},"rotated":false,"trimmed":false,"spriteSourceSize":{"x":0,"y":0,"w":384,"h":600},"sourceSize":{"w":384,"h":600}},"lu kang refe pixel13.png":{"frame":{"x":1152,"y":1200,"w":384,"h":600},"rotated":false,"trimmed":false,"spriteSourceSize":{"x":0,"y":0,"w":384,"h":600},"sourceSize":{"w":384,"h":600}}},"meta":{"app":"https://github.com/piskelapp/piskel/","version":"1.0","image":"lu kang refe pixel.png","format":"RGBA8888","size":{"w":1920,"h":1800}}}